{
  "hash": "5aadd985",
  "configHash": "85a77e77",
  "lockfileHash": "46d2040b",
  "browserHash": "dfa9ed5e",
  "optimized": {
    "react/jsx-dev-runtime": {
      "src": "../../node_modules/react/jsx-dev-runtime.js",
      "file": "react_jsx-dev-runtime.js",
      "fileHash": "0ca195bd",
      "needsInterop": true
    },
    "react": {
      "src": "../../node_modules/react/index.js",
      "file": "react.js",
      "fileHash": "8365b660",
      "needsInterop": true
    },
    "react-router-dom": {
      "src": "../../node_modules/react-router-dom/dist/index.mjs",
      "file": "react-router-dom.js",
      "fileHash": "cddc0045",
      "needsInterop": false
    },
    "react-i18next": {
      "src": "../../node_modules/react-i18next/dist/es/index.js",
      "file": "react-i18next.js",
      "fileHash": "0c707f0d",
      "needsInterop": false
    }
  },
  "chunks": {
    "chunk-OBOR3357": {
      "file": "chunk-OBOR3357.js"
    }
  }
}